chr1,s1,e1,chr2,s2,e2
chr8,39100000,43400000,chr18,7800000,14100000
chr8,39100000,43400000,chr18,18500000,22900000
chr8,55600000,60800000,chr18,7800000,14100000
chr8,55600000,60800000,chr18,18500000,22900000
chr8,94000000,104700000,chr18,7800000,14100000
chr8,94000000,104700000,chr18,18500000,22900000
chr8,118300000,126700000,chr18,7800000,14100000
chr8,118300000,126700000,chr18,18500000,22900000
chr8,132800000,135100000,chr18,7800000,14100000
chr8,132800000,135100000,chr18,18500000,22900000
chr8,140500000,142300000,chr18,7800000,14100000
chr8,140500000,142300000,chr18,18500000,22900000
chr7,126200000,144800000,chr18,0,13200000
chr7,145300000,159100000,chr18,0,13200000
chr3,15600000,75900000,chr10,41900000,42800000
chr3,15600000,75900000,chr10,81500000,95800000
chr3,15600000,75900000,chr10,98000000,125600000
chr3,193300000,197600000,chr10,41900000,42800000
chr3,193300000,197600000,chr10,81500000,95800000
chr3,193300000,197600000,chr10,98000000,125600000
chr14,19000000,25100000,chr22,16100000,26000000
chr14,19000000,25100000,chr22,29000000,33200000
chr14,67700000,78300000,chr22,16100000,26000000
chr14,67700000,78300000,chr22,29000000,33200000
chr14,94300000,97200000,chr22,16100000,26000000
chr14,94300000,97200000,chr22,29000000,33200000
chr14,99200000,107200000,chr22,16100000,26000000
chr14,99200000,107200000,chr22,29000000,33200000
chr5,0,1300000,chr22,19800000,21400000
chr5,0,1300000,chr22,24900000,33700000
chr5,31500000,32400000,chr22,19800000,21400000
chr5,31500000,32400000,chr22,24900000,33700000
chr5,90500000,99200000,chr22,19800000,21400000
chr5,90500000,99200000,chr22,24900000,33700000
chr5,99700000,104400000,chr22,19800000,21400000
chr5,99700000,104400000,chr22,24900000,33700000
chr5,109600000,116600000,chr22,19800000,21400000
chr5,109600000,116600000,chr22,24900000,33700000
chr5,129600000,143700000,chr22,19800000,21400000
chr5,129600000,143700000,chr22,24900000,33700000
chr5,147000000,152500000,chr22,19800000,21400000
chr5,147000000,152500000,chr22,24900000,33700000
chr5,156100000,157600000,chr22,19800000,21400000
chr5,156100000,157600000,chr22,24900000,33700000
chr5,168900000,180700000,chr22,19800000,21400000
chr5,168900000,180700000,chr22,24900000,33700000
chr20,0,6800000,chrX,2700000,3600000
chr20,0,6800000,chrX,23600000,25000000
chr20,0,6800000,chrX,39400000,42200000
chr20,0,6800000,chrX,56500000,57800000
chr20,0,6800000,chrX,62500000,77700000
chr20,0,6800000,chrX,95400000,97000000
chr20,0,6800000,chrX,99500000,103600000
chr20,0,6800000,chrX,106000000,112600000
chr20,0,6800000,chrX,117200000,124400000
chr20,0,6800000,chrX,128400000,139000000
chr20,0,6800000,chrX,149100000,154800000
chr20,12800000,13100000,chrX,2700000,3600000
chr20,12800000,13100000,chrX,23600000,25000000
chr20,12800000,13100000,chrX,39400000,42200000
chr20,12800000,13100000,chrX,56500000,57800000
chr20,12800000,13100000,chrX,62500000,77700000
chr20,12800000,13100000,chrX,95400000,97000000
chr20,12800000,13100000,chrX,99500000,103600000
chr20,12800000,13100000,chrX,106000000,112600000
chr20,12800000,13100000,chrX,117200000,124400000
chr20,12800000,13100000,chrX,128400000,139000000
chr20,12800000,13100000,chrX,149100000,154800000
chr20,17700000,20100000,chrX,2700000,3600000
chr20,17700000,20100000,chrX,23600000,25000000
chr20,17700000,20100000,chrX,39400000,42200000
chr20,17700000,20100000,chrX,56500000,57800000
chr20,17700000,20100000,chrX,62500000,77700000
chr20,17700000,20100000,chrX,95400000,97000000
chr20,17700000,20100000,chrX,99500000,103600000
chr20,17700000,20100000,chrX,106000000,112600000
chr20,17700000,20100000,chrX,117200000,124400000
chr20,17700000,20100000,chrX,128400000,139000000
chr20,17700000,20100000,chrX,149100000,154800000
chr20,30000000,37600000,chrX,2700000,3600000
chr20,30000000,37600000,chrX,23600000,25000000
chr20,30000000,37600000,chrX,39400000,42200000
chr20,30000000,37600000,chrX,56500000,57800000
chr20,30000000,37600000,chrX,62500000,77700000
chr20,30000000,37600000,chrX,95400000,97000000
chr20,30000000,37600000,chrX,99500000,103600000
chr20,30000000,37600000,chrX,106000000,112600000
chr20,30000000,37600000,chrX,117200000,124400000
chr20,30000000,37600000,chrX,128400000,139000000
chr20,30000000,37600000,chrX,149100000,154800000
chr20,40900000,50800000,chrX,2700000,3600000
chr20,40900000,50800000,chrX,23600000,25000000
chr20,40900000,50800000,chrX,39400000,42200000
chr20,40900000,50800000,chrX,56500000,57800000
chr20,40900000,50800000,chrX,62500000,77700000
chr20,40900000,50800000,chrX,95400000,97000000
chr20,40900000,50800000,chrX,99500000,103600000
chr20,40900000,50800000,chrX,106000000,112600000
chr20,40900000,50800000,chrX,117200000,124400000
chr20,40900000,50800000,chrX,128400000,139000000
chr20,40900000,50800000,chrX,149100000,154800000
chr20,54700000,56800000,chrX,2700000,3600000
chr20,54700000,56800000,chrX,23600000,25000000
chr20,54700000,56800000,chrX,39400000,42200000
chr20,54700000,56800000,chrX,56500000,57800000
chr20,54700000,56800000,chrX,62500000,77700000
chr20,54700000,56800000,chrX,95400000,97000000
chr20,54700000,56800000,chrX,99500000,103600000
chr20,54700000,56800000,chrX,106000000,112600000
chr20,54700000,56800000,chrX,117200000,124400000
chr20,54700000,56800000,chrX,128400000,139000000
chr20,54700000,56800000,chrX,149100000,154800000
chr6,100000,11300000,chr13,19000000,34500000
chr6,100000,11300000,chr13,39300000,53900000
chr6,100000,11300000,chr13,59700000,61300000
chr6,100000,11300000,chr13,73000000,74900000
chr6,100000,11300000,chr13,95600000,101100000
chr6,100000,11300000,chr13,110900000,111600000
chr6,51200000,53000000,chr13,19000000,34500000
chr6,51200000,53000000,chr13,39300000,53900000
chr6,51200000,53000000,chr13,59700000,61300000
chr6,51200000,53000000,chr13,73000000,74900000
chr6,51200000,53000000,chr13,95600000,101100000
chr6,51200000,53000000,chr13,110900000,111600000
chr6,56700000,58900000,chr13,19000000,34500000
chr6,56700000,58900000,chr13,39300000,53900000
chr6,56700000,58900000,chr13,59700000,61300000
chr6,56700000,58900000,chr13,73000000,74900000
chr6,56700000,58900000,chr13,95600000,101100000
chr6,56700000,58900000,chr13,110900000,111600000
chr2,0,2200000,chrX,64300000,78000000
chr2,0,2200000,chrX,95500000,112300000
chr2,0,2200000,chrX,116600000,124600000
chr2,0,2200000,chrX,127500000,140200000
chr2,0,2200000,chrX,146100000,154800000
chr2,7000000,13000000,chrX,64300000,78000000
chr2,7000000,13000000,chrX,95500000,112300000
chr2,7000000,13000000,chrX,116600000,124600000
chr2,7000000,13000000,chrX,127500000,140200000
chr2,7000000,13000000,chrX,146100000,154800000
chr2,15500000,17000000,chrX,64300000,78000000
chr2,15500000,17000000,chrX,95500000,112300000
chr2,15500000,17000000,chrX,116600000,124600000
chr2,15500000,17000000,chrX,127500000,140200000
chr2,15500000,17000000,chrX,146100000,154800000
chr2,19200000,22000000,chrX,64300000,78000000
chr2,19200000,22000000,chrX,95500000,112300000
chr2,19200000,22000000,chrX,116600000,124600000
chr2,19200000,22000000,chrX,127500000,140200000
chr2,19200000,22000000,chrX,146100000,154800000
chr2,23100000,34100000,chrX,64300000,78000000
chr2,23100000,34100000,chrX,95500000,112300000
chr2,23100000,34100000,chrX,116600000,124600000
chr2,23100000,34100000,chrX,127500000,140200000
chr2,23100000,34100000,chrX,146100000,154800000
chr2,36400000,40700000,chrX,64300000,78000000
chr2,36400000,40700000,chrX,95500000,112300000
chr2,36400000,40700000,chrX,116600000,124600000
chr2,36400000,40700000,chrX,127500000,140200000
chr2,36400000,40700000,chrX,146100000,154800000
chr2,41400000,48600000,chrX,64300000,78000000
chr2,41400000,48600000,chrX,95500000,112300000
chr2,41400000,48600000,chrX,116600000,124600000
chr2,41400000,48600000,chrX,127500000,140200000
chr2,41400000,48600000,chrX,146100000,154800000
chr2,60500000,75000000,chrX,64300000,78000000
chr2,60500000,75000000,chrX,95500000,112300000
chr2,60500000,75000000,chrX,116600000,124600000
chr2,60500000,75000000,chrX,127500000,140200000
chr2,60500000,75000000,chrX,146100000,154800000
chr2,84300000,89200000,chrX,64300000,78000000
chr2,84300000,89200000,chrX,95500000,112300000
chr2,84300000,89200000,chrX,116600000,124600000
chr2,84300000,89200000,chrX,127500000,140200000
chr2,84300000,89200000,chrX,146100000,154800000
chr2,96700000,103500000,chrX,64300000,78000000
chr2,96700000,103500000,chrX,95500000,112300000
chr2,96700000,103500000,chrX,116600000,124600000
chr2,96700000,103500000,chrX,127500000,140200000
chr2,96700000,103500000,chrX,146100000,154800000
chr2,105200000,107200000,chrX,64300000,78000000
chr2,105200000,107200000,chrX,95500000,112300000
chr2,105200000,107200000,chrX,116600000,124600000
chr2,105200000,107200000,chrX,127500000,140200000
chr2,105200000,107200000,chrX,146100000,154800000
chr2,108300000,110400000,chrX,64300000,78000000
chr2,108300000,110400000,chrX,95500000,112300000
chr2,108300000,110400000,chrX,116600000,124600000
chr2,108300000,110400000,chrX,127500000,140200000
chr2,108300000,110400000,chrX,146100000,154800000
chr2,111500000,115300000,chrX,64300000,78000000
chr2,111500000,115300000,chrX,95500000,112300000
chr2,111500000,115300000,chrX,116600000,124600000
chr2,111500000,115300000,chrX,127500000,140200000
chr2,111500000,115300000,chrX,146100000,154800000
chr2,127700000,129700000,chrX,64300000,78000000
chr2,127700000,129700000,chrX,95500000,112300000
chr2,127700000,129700000,chrX,116600000,124600000
chr2,127700000,129700000,chrX,127500000,140200000
chr2,127700000,129700000,chrX,146100000,154800000
chr2,168800000,173500000,chrX,64300000,78000000
chr2,168800000,173500000,chrX,95500000,112300000
chr2,168800000,173500000,chrX,116600000,124600000
chr2,168800000,173500000,chrX,127500000,140200000
chr2,168800000,173500000,chrX,146100000,154800000
chr2,197800000,198700000,chrX,64300000,78000000
chr2,197800000,198700000,chrX,95500000,112300000
chr2,197800000,198700000,chrX,116600000,124600000
chr2,197800000,198700000,chrX,127500000,140200000
chr2,197800000,198700000,chrX,146100000,154800000
chr2,200400000,205400000,chrX,64300000,78000000
chr2,200400000,205400000,chrX,95500000,112300000
chr2,200400000,205400000,chrX,116600000,124600000
chr2,200400000,205400000,chrX,127500000,140200000
chr2,200400000,205400000,chrX,146100000,154800000
chr2,206000000,209100000,chrX,64300000,78000000
chr2,206000000,209100000,chrX,95500000,112300000
chr2,206000000,209100000,chrX,116600000,124600000
chr2,206000000,209100000,chrX,127500000,140200000
chr2,206000000,209100000,chrX,146100000,154800000
chr2,216600000,243100000,chrX,64300000,78000000
chr2,216600000,243100000,chrX,95500000,112300000
chr2,216600000,243100000,chrX,116600000,124600000
chr2,216600000,243100000,chrX,127500000,140200000
chr2,216600000,243100000,chrX,146100000,154800000
chr8,36000000,46900000,chr21,10400000,11200000
chr8,36000000,46900000,chr21,15200000,19300000
chr8,36000000,46900000,chr21,30000000,36500000
chr8,36000000,46900000,chr21,42100000,43100000
chr8,47400000,49900000,chr21,10400000,11200000
chr8,47400000,49900000,chr21,15200000,19300000
chr8,47400000,49900000,chr21,30000000,36500000
chr8,47400000,49900000,chr21,42100000,43100000
chr8,54100000,61200000,chr21,10400000,11200000
chr8,54100000,61200000,chr21,15200000,19300000
chr8,54100000,61200000,chr21,30000000,36500000
chr8,54100000,61200000,chr21,42100000,43100000
chr8,72400000,75800000,chr21,10400000,11200000
chr8,72400000,75800000,chr21,15200000,19300000
chr8,72400000,75800000,chr21,30000000,36500000
chr8,72400000,75800000,chr21,42100000,43100000
chr8,94200000,104000000,chr21,10400000,11200000
chr8,94200000,104000000,chr21,15200000,19300000
chr8,94200000,104000000,chr21,30000000,36500000
chr8,94200000,104000000,chr21,42100000,43100000
chr8,138400000,146300000,chr21,10400000,11200000
chr8,138400000,146300000,chr21,15200000,19300000
chr8,138400000,146300000,chr21,30000000,36500000
chr8,138400000,146300000,chr21,42100000,43100000
chr14,20600000,25900000,chrX,2700000,3600000
chr14,20600000,25900000,chrX,23700000,24600000
chr14,20600000,25900000,chrX,39800000,41300000
chr14,20600000,25900000,chrX,64100000,78500000
chr14,20600000,25900000,chrX,94800000,98000000
chr14,20600000,25900000,chrX,99500000,111400000
chr14,20600000,25900000,chrX,116400000,124700000
chr14,20600000,25900000,chrX,128400000,139800000
chr14,20600000,25900000,chrX,146400000,154900000
chr14,34700000,35800000,chrX,2700000,3600000
chr14,34700000,35800000,chrX,23700000,24600000
chr14,34700000,35800000,chrX,39800000,41300000
chr14,34700000,35800000,chrX,64100000,78500000
chr14,34700000,35800000,chrX,94800000,98000000
chr14,34700000,35800000,chrX,99500000,111400000
chr14,34700000,35800000,chrX,116400000,124700000
chr14,34700000,35800000,chrX,128400000,139800000
chr14,34700000,35800000,chrX,146400000,154900000
chr14,49900000,52700000,chrX,2700000,3600000
chr14,49900000,52700000,chrX,23700000,24600000
chr14,49900000,52700000,chrX,39800000,41300000
chr14,49900000,52700000,chrX,64100000,78500000
chr14,49900000,52700000,chrX,94800000,98000000
chr14,49900000,52700000,chrX,99500000,111400000
chr14,49900000,52700000,chrX,116400000,124700000
chr14,49900000,52700000,chrX,128400000,139800000
chr14,49900000,52700000,chrX,146400000,154900000
chr14,54500000,58800000,chrX,2700000,3600000
chr14,54500000,58800000,chrX,23700000,24600000
chr14,54500000,58800000,chrX,39800000,41300000
chr14,54500000,58800000,chrX,64100000,78500000
chr14,54500000,58800000,chrX,94800000,98000000
chr14,54500000,58800000,chrX,99500000,111400000
chr14,54500000,58800000,chrX,116400000,124700000
chr14,54500000,58800000,chrX,128400000,139800000
chr14,54500000,58800000,chrX,146400000,154900000
chr14,63600000,79000000,chrX,2700000,3600000
chr14,63600000,79000000,chrX,23700000,24600000
chr14,63600000,79000000,chrX,39800000,41300000
chr14,63600000,79000000,chrX,64100000,78500000
chr14,63600000,79000000,chrX,94800000,98000000
chr14,63600000,79000000,chrX,99500000,111400000
chr14,63600000,79000000,chrX,116400000,124700000
chr14,63600000,79000000,chrX,128400000,139800000
chr14,63600000,79000000,chrX,146400000,154900000
chr14,89800000,107200000,chrX,2700000,3600000
chr14,89800000,107200000,chrX,23700000,24600000
chr14,89800000,107200000,chrX,39800000,41300000
chr14,89800000,107200000,chrX,64100000,78500000
chr14,89800000,107200000,chrX,94800000,98000000
chr14,89800000,107200000,chrX,99500000,111400000
chr14,89800000,107200000,chrX,116400000,124700000
chr14,89800000,107200000,chrX,128400000,139800000
chr14,89800000,107200000,chrX,146400000,154900000
chr19,300000,19700000,chrX,23200000,25100000
chr19,300000,19700000,chrX,39400000,41400000
chr19,300000,19700000,chrX,46000000,49000000
chr19,300000,19700000,chrX,52600000,54600000
chr19,300000,19700000,chrX,63600000,77700000
chr19,300000,19700000,chrX,95500000,97000000
chr19,300000,19700000,chrX,99500000,103300000
chr19,300000,19700000,chrX,105600000,109800000
chr19,300000,19700000,chrX,117300000,124200000
chr19,300000,19700000,chrX,128300000,136700000
chr19,300000,19700000,chrX,149100000,154900000
chr19,27500000,27900000,chrX,23200000,25100000
chr19,27500000,27900000,chrX,39400000,41400000
chr19,27500000,27900000,chrX,46000000,49000000
chr19,27500000,27900000,chrX,52600000,54600000
chr19,27500000,27900000,chrX,63600000,77700000
chr19,27500000,27900000,chrX,95500000,97000000
chr19,27500000,27900000,chrX,99500000,103300000
chr19,27500000,27900000,chrX,105600000,109800000
chr19,27500000,27900000,chrX,117300000,124200000
chr19,27500000,27900000,chrX,128300000,136700000
chr19,27500000,27900000,chrX,149100000,154900000
chr19,32800000,52000000,chrX,23200000,25100000
chr19,32800000,52000000,chrX,39400000,41400000
chr19,32800000,52000000,chrX,46000000,49000000
chr19,32800000,52000000,chrX,52600000,54600000
chr19,32800000,52000000,chrX,63600000,77700000
chr19,32800000,52000000,chrX,95500000,97000000
chr19,32800000,52000000,chrX,99500000,103300000
chr19,32800000,52000000,chrX,105600000,109800000
chr19,32800000,52000000,chrX,117300000,124200000
chr19,32800000,52000000,chrX,128300000,136700000
chr19,32800000,52000000,chrX,149100000,154900000
chr10,0,500000,chrX,56700000,80300000
chr10,0,500000,chrX,83800000,84800000
chr10,0,500000,chrX,93000000,96400000
chr10,0,500000,chrX,99400000,124600000
chr10,0,500000,chrX,125700000,154900000
chr10,41900000,43400000,chrX,56700000,80300000
chr10,41900000,43400000,chrX,83800000,84800000
chr10,41900000,43400000,chrX,93000000,96400000
chr10,41900000,43400000,chrX,99400000,124600000
chr10,41900000,43400000,chrX,125700000,154900000
chr10,76100000,82600000,chrX,56700000,80300000
chr10,76100000,82600000,chrX,83800000,84800000
chr10,76100000,82600000,chrX,93000000,96400000
chr10,76100000,82600000,chrX,99400000,124600000
chr10,76100000,82600000,chrX,125700000,154900000
chr10,85400000,88900000,chrX,56700000,80300000
chr10,85400000,88900000,chrX,83800000,84800000
chr10,85400000,88900000,chrX,93000000,96400000
chr10,85400000,88900000,chrX,99400000,124600000
chr10,85400000,88900000,chrX,125700000,154900000
chr10,101000000,107600000,chrX,56700000,80300000
chr10,101000000,107600000,chrX,83800000,84800000
chr10,101000000,107600000,chrX,93000000,96400000
chr10,101000000,107600000,chrX,99400000,124600000
chr10,101000000,107600000,chrX,125700000,154900000
chr10,110700000,132100000,chrX,56700000,80300000
chr10,110700000,132100000,chrX,83800000,84800000
chr10,110700000,132100000,chrX,93000000,96400000
chr10,110700000,132100000,chrX,99400000,124600000
chr10,110700000,132100000,chrX,125700000,154900000
chr18,0,14900000,chrX,2300000,4000000
chr18,0,14900000,chrX,9000000,10000000
chr18,0,14900000,chrX,38900000,41600000
chr18,0,14900000,chrX,64600000,78200000
chr18,0,14900000,chrX,95400000,96900000
chr18,0,14900000,chrX,99500000,104600000
chr18,0,14900000,chrX,105200000,111200000
chr18,0,14900000,chrX,116500000,124300000
chr18,0,14900000,chrX,127600000,141000000
chr18,0,14900000,chrX,146600000,154900000
chr18,18500000,24500000,chrX,2300000,4000000
chr18,18500000,24500000,chrX,9000000,10000000
chr18,18500000,24500000,chrX,38900000,41600000
chr18,18500000,24500000,chrX,64600000,78200000
chr18,18500000,24500000,chrX,95400000,96900000
chr18,18500000,24500000,chrX,99500000,104600000
chr18,18500000,24500000,chrX,105200000,111200000
chr18,18500000,24500000,chrX,116500000,124300000
chr18,18500000,24500000,chrX,127600000,141000000
chr18,18500000,24500000,chrX,146600000,154900000
chr15,38000000,46100000,chrX,2700000,3900000
chr15,38000000,46100000,chrX,23600000,24900000
chr15,38000000,46100000,chrX,39300000,41800000
chr15,38000000,46100000,chrX,46100000,49000000
chr15,38000000,46100000,chrX,66900000,78100000
chr15,38000000,46100000,chrX,95800000,110200000
chr15,38000000,46100000,chrX,116200000,124300000
chr15,38000000,46100000,chrX,127700000,140900000
chr15,38000000,46100000,chrX,146500000,154900000
chr15,56700000,67900000,chrX,2700000,3900000
chr15,56700000,67900000,chrX,23600000,24900000
chr15,56700000,67900000,chrX,39300000,41800000
chr15,56700000,67900000,chrX,46100000,49000000
chr15,56700000,67900000,chrX,66900000,78100000
chr15,56700000,67900000,chrX,95800000,110200000
chr15,56700000,67900000,chrX,116200000,124300000
chr15,56700000,67900000,chrX,127700000,140900000
chr15,56700000,67900000,chrX,146500000,154900000
chr15,70800000,94200000,chrX,2700000,3900000
chr15,70800000,94200000,chrX,23600000,24900000
chr15,70800000,94200000,chrX,39300000,41800000
chr15,70800000,94200000,chrX,46100000,49000000
chr15,70800000,94200000,chrX,66900000,78100000
chr15,70800000,94200000,chrX,95800000,110200000
chr15,70800000,94200000,chrX,116200000,124300000
chr15,70800000,94200000,chrX,127700000,140900000
chr15,70800000,94200000,chrX,146500000,154900000
chr15,96600000,102100000,chrX,2700000,3900000
chr15,96600000,102100000,chrX,23600000,24900000
chr15,96600000,102100000,chrX,39300000,41800000
chr15,96600000,102100000,chrX,46100000,49000000
chr15,96600000,102100000,chrX,66900000,78100000
chr15,96600000,102100000,chrX,95800000,110200000
chr15,96600000,102100000,chrX,116200000,124300000
chr15,96600000,102100000,chrX,127700000,140900000
chr15,96600000,102100000,chrX,146500000,154900000
chr9,29500000,37300000,chr18,0,800000
chr9,29500000,37300000,chr18,2400000,3900000
chr9,29500000,37300000,chr18,11700000,13100000
chr9,29500000,37300000,chr18,18500000,24500000
chr9,29500000,37300000,chr18,28500000,30300000
chr9,29500000,37300000,chr18,45100000,48900000
chr10,41900000,44300000,chr19,0,9200000
chr10,41900000,44300000,chr19,9800000,19900000
chr10,41900000,44300000,chr19,27700000,59100000
chr10,69500000,77100000,chr19,0,9200000
chr10,69500000,77100000,chr19,9800000,19900000
chr10,69500000,77100000,chr19,27700000,59100000
chr10,101000000,106300000,chr19,0,9200000
chr10,101000000,106300000,chr19,9800000,19900000
chr10,101000000,106300000,chr19,27700000,59100000
chr10,111200000,112900000,chr19,0,9200000
chr10,111200000,112900000,chr19,9800000,19900000
chr10,111200000,112900000,chr19,27700000,59100000
chr10,119800000,127800000,chr19,0,9200000
chr10,119800000,127800000,chr19,9800000,19900000
chr10,119800000,127800000,chr19,27700000,59100000
chr17,0,11400000,chrX,12700000,14000000
chr17,0,11400000,chrX,23500000,25100000
chr17,0,11400000,chrX,39200000,49000000
chr17,0,11400000,chrX,64100000,77500000
chr17,0,11400000,chrX,94900000,97600000
chr17,0,11400000,chrX,99800000,103700000
chr17,0,11400000,chrX,108500000,112500000
chr17,0,11400000,chrX,117200000,123600000
chr17,0,11400000,chrX,128400000,140000000
chr17,0,11400000,chrX,149100000,154600000
chr17,15800000,16500000,chrX,12700000,14000000
chr17,15800000,16500000,chrX,23500000,25100000
chr17,15800000,16500000,chrX,39200000,49000000
chr17,15800000,16500000,chrX,64100000,77500000
chr17,15800000,16500000,chrX,94900000,97600000
chr17,15800000,16500000,chrX,99800000,103700000
chr17,15800000,16500000,chrX,108500000,112500000
chr17,15800000,16500000,chrX,117200000,123600000
chr17,15800000,16500000,chrX,128400000,140000000
chr17,15800000,16500000,chrX,149100000,154600000
chr17,26500000,27600000,chrX,12700000,14000000
chr17,26500000,27600000,chrX,23500000,25100000
chr17,26500000,27600000,chrX,39200000,49000000
chr17,26500000,27600000,chrX,64100000,77500000
chr17,26500000,27600000,chrX,94900000,97600000
chr17,26500000,27600000,chrX,99800000,103700000
chr17,26500000,27600000,chrX,108500000,112500000
chr17,26500000,27600000,chrX,117200000,123600000
chr17,26500000,27600000,chrX,128400000,140000000
chr17,26500000,27600000,chrX,149100000,154600000
chr17,29900000,32200000,chrX,12700000,14000000
chr17,29900000,32200000,chrX,23500000,25100000
chr17,29900000,32200000,chrX,39200000,49000000
chr17,29900000,32200000,chrX,64100000,77500000
chr17,29900000,32200000,chrX,94900000,97600000
chr17,29900000,32200000,chrX,99800000,103700000
chr17,29900000,32200000,chrX,108500000,112500000
chr17,29900000,32200000,chrX,117200000,123600000
chr17,29900000,32200000,chrX,128400000,140000000
chr17,29900000,32200000,chrX,149100000,154600000
chr17,34800000,43300000,chrX,12700000,14000000
chr17,34800000,43300000,chrX,23500000,25100000
chr17,34800000,43300000,chrX,39200000,49000000
chr17,34800000,43300000,chrX,64100000,77500000
chr17,34800000,43300000,chrX,94900000,97600000
chr17,34800000,43300000,chrX,99800000,103700000
chr17,34800000,43300000,chrX,108500000,112500000
chr17,34800000,43300000,chrX,117200000,123600000
chr17,34800000,43300000,chrX,128400000,140000000
chr17,34800000,43300000,chrX,149100000,154600000
chr17,45000000,48500000,chrX,12700000,14000000
chr17,45000000,48500000,chrX,23500000,25100000
chr17,45000000,48500000,chrX,39200000,49000000
chr17,45000000,48500000,chrX,64100000,77500000
chr17,45000000,48500000,chrX,94900000,97600000
chr17,45000000,48500000,chrX,99800000,103700000
chr17,45000000,48500000,chrX,108500000,112500000
chr17,45000000,48500000,chrX,117200000,123600000
chr17,45000000,48500000,chrX,128400000,140000000
chr17,45000000,48500000,chrX,149100000,154600000
chr17,52700000,59600000,chrX,12700000,14000000
chr17,52700000,59600000,chrX,23500000,25100000
chr17,52700000,59600000,chrX,39200000,49000000
chr17,52700000,59600000,chrX,64100000,77500000
chr17,52700000,59600000,chrX,94900000,97600000
chr17,52700000,59600000,chrX,99800000,103700000
chr17,52700000,59600000,chrX,108500000,112500000
chr17,52700000,59600000,chrX,117200000,123600000
chr17,52700000,59600000,chrX,128400000,140000000
chr17,52700000,59600000,chrX,149100000,154600000
chr17,62600000,66700000,chrX,12700000,14000000
chr17,62600000,66700000,chrX,23500000,25100000
chr17,62600000,66700000,chrX,39200000,49000000
chr17,62600000,66700000,chrX,64100000,77500000
chr17,62600000,66700000,chrX,94900000,97600000
chr17,62600000,66700000,chrX,99800000,103700000
chr17,62600000,66700000,chrX,108500000,112500000
chr17,62600000,66700000,chrX,117200000,123600000
chr17,62600000,66700000,chrX,128400000,140000000
chr17,62600000,66700000,chrX,149100000,154600000
chr17,69800000,77000000,chrX,12700000,14000000
chr17,69800000,77000000,chrX,23500000,25100000
chr17,69800000,77000000,chrX,39200000,49000000
chr17,69800000,77000000,chrX,64100000,77500000
chr17,69800000,77000000,chrX,94900000,97600000
chr17,69800000,77000000,chrX,99800000,103700000
chr17,69800000,77000000,chrX,108500000,112500000
chr17,69800000,77000000,chrX,117200000,123600000
chr17,69800000,77000000,chrX,128400000,140000000
chr17,69800000,77000000,chrX,149100000,154600000
chr1,6000000,11400000,chr18,0,14000000
chr1,6000000,11400000,chr18,18500000,22900000
chr1,14700000,18100000,chr18,0,14000000
chr1,14700000,18100000,chr18,18500000,22900000
chr1,38900000,48400000,chr18,0,14000000
chr1,38900000,48400000,chr18,18500000,22900000
chr1,54300000,56000000,chr18,0,14000000
chr1,54300000,56000000,chr18,18500000,22900000
chr1,109100000,115600000,chr18,0,14000000
chr1,109100000,115600000,chr18,18500000,22900000
chr1,116100000,142600000,chr18,0,14000000
chr1,116100000,142600000,chr18,18500000,22900000
chr1,142800000,145700000,chr18,0,14000000
chr1,142800000,145700000,chr18,18500000,22900000
chr1,148900000,174100000,chr18,0,14000000
chr1,148900000,174100000,chr18,18500000,22900000
chr1,174700000,184900000,chr18,0,14000000
chr1,174700000,184900000,chr18,18500000,22900000
chr1,199700000,214700000,chr18,0,14000000
chr1,199700000,214700000,chr18,18500000,22900000
chr1,220100000,237100000,chr18,0,14000000
chr1,220100000,237100000,chr18,18500000,22900000
chr1,242800000,248000000,chr18,0,14000000
chr1,242800000,248000000,chr18,18500000,22900000
chr2,0,500000,chr19,300000,19700000
chr2,0,500000,chr19,27700000,27900000
chr2,0,500000,chr19,33000000,34800000
chr2,0,500000,chr19,38400000,42300000
chr2,0,500000,chr19,45200000,50400000
chr2,7800000,11800000,chr19,300000,19700000
chr2,7800000,11800000,chr19,27700000,27900000
chr2,7800000,11800000,chr19,33000000,34800000
chr2,7800000,11800000,chr19,38400000,42300000
chr2,7800000,11800000,chr19,45200000,50400000
chr2,23900000,33800000,chr19,300000,19700000
chr2,23900000,33800000,chr19,27700000,27900000
chr2,23900000,33800000,chr19,33000000,34800000
chr2,23900000,33800000,chr19,38400000,42300000
chr2,23900000,33800000,chr19,45200000,50400000
chr2,38500000,39800000,chr19,300000,19700000
chr2,38500000,39800000,chr19,27700000,27900000
chr2,38500000,39800000,chr19,33000000,34800000
chr2,38500000,39800000,chr19,38400000,42300000
chr2,38500000,39800000,chr19,45200000,50400000
chr2,42100000,49000000,chr19,300000,19700000
chr2,42100000,49000000,chr19,27700000,27900000
chr2,42100000,49000000,chr19,33000000,34800000
chr2,42100000,49000000,chr19,38400000,42300000
chr2,42100000,49000000,chr19,45200000,50400000
chr2,60500000,66100000,chr19,300000,19700000
chr2,60500000,66100000,chr19,27700000,27900000
chr2,60500000,66100000,chr19,33000000,34800000
chr2,60500000,66100000,chr19,38400000,42300000
chr2,60500000,66100000,chr19,45200000,50400000
chr2,68300000,75200000,chr19,300000,19700000
chr2,68300000,75200000,chr19,27700000,27900000
chr2,68300000,75200000,chr19,33000000,34800000
chr2,68300000,75200000,chr19,38400000,42300000
chr2,68300000,75200000,chr19,45200000,50400000
chr2,84900000,87100000,chr19,300000,19700000
chr2,84900000,87100000,chr19,27700000,27900000
chr2,84900000,87100000,chr19,33000000,34800000
chr2,84900000,87100000,chr19,38400000,42300000
chr2,84900000,87100000,chr19,45200000,50400000
chr2,96500000,103100000,chr19,300000,19700000
chr2,96500000,103100000,chr19,27700000,27900000
chr2,96500000,103100000,chr19,33000000,34800000
chr2,96500000,103100000,chr19,38400000,42300000
chr2,96500000,103100000,chr19,45200000,50400000
chr2,111400000,114800000,chr19,300000,19700000
chr2,111400000,114800000,chr19,27700000,27900000
chr2,111400000,114800000,chr19,33000000,34800000
chr2,111400000,114800000,chr19,38400000,42300000
chr2,111400000,114800000,chr19,45200000,50400000
chr2,127700000,128900000,chr19,300000,19700000
chr2,127700000,128900000,chr19,27700000,27900000
chr2,127700000,128900000,chr19,33000000,34800000
chr2,127700000,128900000,chr19,38400000,42300000
chr2,127700000,128900000,chr19,45200000,50400000
chr2,200400000,204800000,chr19,300000,19700000
chr2,200400000,204800000,chr19,27700000,27900000
chr2,200400000,204800000,chr19,33000000,34800000
chr2,200400000,204800000,chr19,38400000,42300000
chr2,200400000,204800000,chr19,45200000,50400000
chr2,218600000,220600000,chr19,300000,19700000
chr2,218600000,220600000,chr19,27700000,27900000
chr2,218600000,220600000,chr19,33000000,34800000
chr2,218600000,220600000,chr19,38400000,42300000
chr2,218600000,220600000,chr19,45200000,50400000
chr2,229800000,243100000,chr19,300000,19700000
chr2,229800000,243100000,chr19,27700000,27900000
chr2,229800000,243100000,chr19,33000000,34800000
chr2,229800000,243100000,chr19,38400000,42300000
chr2,229800000,243100000,chr19,45200000,50400000
chr13,19200000,33000000,chrX,2700000,3600000
chr13,19200000,33000000,chrX,12600000,17800000
chr13,19200000,33000000,chrX,64200000,77400000
chr13,19200000,33000000,chrX,96300000,112600000
chr13,19200000,33000000,chrX,116700000,124000000
chr13,19200000,33000000,chrX,127500000,140300000
chr13,19200000,33000000,chrX,144300000,154800000
chr13,40600000,53800000,chrX,2700000,3600000
chr13,40600000,53800000,chrX,12600000,17800000
chr13,40600000,53800000,chrX,64200000,77400000
chr13,40600000,53800000,chrX,96300000,112600000
chr13,40600000,53800000,chrX,116700000,124000000
chr13,40600000,53800000,chrX,127500000,140300000
chr13,40600000,53800000,chrX,144300000,154800000
chr13,59800000,61100000,chrX,2700000,3600000
chr13,59800000,61100000,chrX,12600000,17800000
chr13,59800000,61100000,chrX,64200000,77400000
chr13,59800000,61100000,chrX,96300000,112600000
chr13,59800000,61100000,chrX,116700000,124000000
chr13,59800000,61100000,chrX,127500000,140300000
chr13,59800000,61100000,chrX,144300000,154800000
chr13,72300000,74700000,chrX,2700000,3600000
chr13,72300000,74700000,chrX,12600000,17800000
chr13,72300000,74700000,chrX,64200000,77400000
chr13,72300000,74700000,chrX,96300000,112600000
chr13,72300000,74700000,chrX,116700000,124000000
chr13,72300000,74700000,chrX,127500000,140300000
chr13,72300000,74700000,chrX,144300000,154800000
chr13,94600000,102300000,chrX,2700000,3600000
chr13,94600000,102300000,chrX,12600000,17800000
chr13,94600000,102300000,chrX,64200000,77400000
chr13,94600000,102300000,chrX,96300000,112600000
chr13,94600000,102300000,chrX,116700000,124000000
chr13,94600000,102300000,chrX,127500000,140300000
chr13,94600000,102300000,chrX,144300000,154800000
chr13,106000000,114100000,chrX,2700000,3600000
chr13,106000000,114100000,chrX,12600000,17800000
chr13,106000000,114100000,chrX,64200000,77400000
chr13,106000000,114100000,chrX,96300000,112600000
chr13,106000000,114100000,chrX,116700000,124000000
chr13,106000000,114100000,chrX,127500000,140300000
chr13,106000000,114100000,chrX,144300000,154800000
chr6,100000,10400000,chr11,29400000,48500000
chr6,100000,10400000,chr11,61200000,68000000
chr6,33400000,39400000,chr11,29400000,48500000
chr6,33400000,39400000,chr11,61200000,68000000
chr6,39800000,44600000,chr11,29400000,48500000
chr6,39800000,44600000,chr11,61200000,68000000
chr6,56500000,59100000,chr11,29400000,48500000
chr6,56500000,59100000,chr11,61200000,68000000
chr6,134100000,140400000,chr11,29400000,48500000
chr6,134100000,140400000,chr11,61200000,68000000
chr6,146800000,162600000,chr11,29400000,48500000
chr6,146800000,162600000,chr11,61200000,68000000
chr6,165900000,171000000,chr11,29400000,48500000
chr6,165900000,171000000,chr11,61200000,68000000
chr6,100000,10600000,chr18,0,13100000
chr6,100000,10600000,chr18,18500000,28300000
chr6,100000,10600000,chr18,29500000,31100000
chr6,100000,10600000,chr18,45400000,48400000
chr6,56700000,59200000,chr18,0,13100000
chr6,56700000,59200000,chr18,18500000,28300000
chr6,56700000,59200000,chr18,29500000,31100000
chr6,56700000,59200000,chr18,45400000,48400000
chr6,154200000,156100000,chr18,0,13100000
chr6,154200000,156100000,chr18,18500000,28300000
chr6,154200000,156100000,chr18,29500000,31100000
chr6,154200000,156100000,chr18,45400000,48400000
chr6,156500000,162500000,chr18,0,13100000
chr6,156500000,162500000,chr18,18500000,28300000
chr6,156500000,162500000,chr18,29500000,31100000
chr6,156500000,162500000,chr18,45400000,48400000
chr8,39600000,43300000,chrX,62500000,73900000
chr8,39600000,43300000,chrX,74900000,80700000
chr8,39600000,43300000,chrX,94500000,113200000
chr8,39600000,43300000,chrX,116600000,124400000
chr8,39600000,43300000,chrX,127600000,140400000
chr8,39600000,43300000,chrX,146300000,154400000
chr8,55800000,58300000,chrX,62500000,73900000
chr8,55800000,58300000,chrX,74900000,80700000
chr8,55800000,58300000,chrX,94500000,113200000
chr8,55800000,58300000,chrX,116600000,124400000
chr8,55800000,58300000,chrX,127600000,140400000
chr8,55800000,58300000,chrX,146300000,154400000
chr8,94000000,106400000,chrX,62500000,73900000
chr8,94000000,106400000,chrX,74900000,80700000
chr8,94000000,106400000,chrX,94500000,113200000
chr8,94000000,106400000,chrX,116600000,124400000
chr8,94000000,106400000,chrX,127600000,140400000
chr8,94000000,106400000,chrX,146300000,154400000
chr8,116700000,146300000,chrX,62500000,73900000
chr8,116700000,146300000,chrX,74900000,80700000
chr8,116700000,146300000,chrX,94500000,113200000
chr8,116700000,146300000,chrX,116600000,124400000
chr8,116700000,146300000,chrX,127600000,140400000
chr8,116700000,146300000,chrX,146300000,154400000
